Date,Holiday,WeekDay,Month,Day,Year
04-07-04,4th of July,Sunday,7,4,2004
04-07-05,4th of July,Monday,7,4,2005
04-07-06,4th of July,Tuesday,7,4,2006
04-07-07,4th of July,Wednesday,7,4,2007
04-07-08,4th of July,Friday,7,4,2008
04-07-09,4th of July,Saturday,7,4,2009
04-07-10,4th of July,Sunday,7,4,2010
04-07-11,4th of July,Monday,7,4,2011
04-07-12,4th of July,Wednesday,7,4,2012
04-07-13,4th of July,Thursday,7,4,2013
04-07-14,4th of July,Friday,7,4,2014
04-07-15,4th of July,Saturday,7,4,2015
04-07-16,4th of July,Monday,7,4,2016
04-07-17,4th of July,Tuesday,7,4,2017
04-07-18,4th of July,Wednesday,7,4,2018
04-07-19,4th of July,Thursday,7,4,2019
04-07-20,4th of July,Saturday,7,4,2020
04-07-21,4th of July,Sunday,7,4,2021
25-12-04,Christmas Day,Saturday,12,25,2004
25-12-05,Christmas Day,Sunday,12,25,2005
25-12-06,Christmas Day,Monday,12,25,2006
25-12-07,Christmas Day,Tuesday,12,25,2007
25-12-08,Christmas Day,Thursday,12,25,2008
25-12-09,Christmas Day,Friday,12,25,2009
25-12-10,Christmas Day,Saturday,12,25,2010
25-12-11,Christmas Day,Sunday,12,25,2011
25-12-12,Christmas Day,Tuesday,12,25,2012
25-12-13,Christmas Day,Wednesday,12,25,2013
25-12-14,Christmas Day,Thursday,12,25,2014
25-12-15,Christmas Day,Friday,12,25,2015
25-12-16,Christmas Day,Sunday,12,25,2016
25-12-17,Christmas Day,Monday,12,25,2017
25-12-18,Christmas Day,Tuesday,12,25,2018
25-12-19,Christmas Day,Wednesday,12,25,2019
25-12-20,Christmas Day,Friday,12,25,2020
25-12-21,Christmas Day,Saturday,12,25,2021
24-12-04,Christmas Eve,Friday,12,24,2004
24-12-05,Christmas Eve,Saturday,12,24,2005
24-12-06,Christmas Eve,Sunday,12,24,2006
24-12-07,Christmas Eve,Monday,12,24,2007
24-12-08,Christmas Eve,Wednesday,12,24,2008
24-12-09,Christmas Eve,Thursday,12,24,2009
24-12-10,Christmas Eve,Friday,12,24,2010
24-12-11,Christmas Eve,Saturday,12,24,2011
24-12-12,Christmas Eve,Monday,12,24,2012
24-12-13,Christmas Eve,Tuesday,12,24,2013
24-12-14,Christmas Eve,Wednesday,12,24,2014
24-12-15,Christmas Eve,Thursday,12,24,2015
24-12-16,Christmas Eve,Saturday,12,24,2016
24-12-17,Christmas Eve,Sunday,12,24,2017
24-12-18,Christmas Eve,Monday,12,24,2018
24-12-19,Christmas Eve,Tuesday,12,24,2019
24-12-20,Christmas Eve,Thursday,12,24,2020
24-12-21,Christmas Eve,Friday,12,24,2021
08-10-07,Columbus Day,Monday,10,8,2007
08-10-12,Columbus Day,Monday,10,8,2012
08-10-18,Columbus Day,Monday,10,8,2018
09-10-06,Columbus Day,Monday,10,9,2006
09-10-17,Columbus Day,Monday,10,9,2017
10-10-05,Columbus Day,Monday,10,10,2005
10-10-11,Columbus Day,Monday,10,10,2011
10-10-16,Columbus Day,Monday,10,10,2016
11-10-04,Columbus Day,Monday,10,11,2004
11-10-10,Columbus Day,Monday,10,11,2010
11-10-21,Columbus Day,Monday,10,11,2021
12-10-09,Columbus Day,Monday,10,12,2009
12-10-15,Columbus Day,Monday,10,12,2015
12-10-20,Columbus Day,Monday,10,12,2020
13-10-08,Columbus Day,Monday,10,13,2008
13-10-14,Columbus Day,Monday,10,13,2014
14-10-13,Columbus Day,Monday,10,14,2013
14-10-19,Columbus Day,Monday,10,14,2019
04-04-10,Eastern Easter,Sunday,4,4,2010
08-04-07,Eastern Easter,Sunday,4,8,2007
08-04-18,Eastern Easter,Sunday,4,8,2018
11-04-04,Eastern Easter,Sunday,4,11,2004
12-04-15,Eastern Easter,Sunday,4,12,2015
15-04-12,Eastern Easter,Sunday,4,15,2012
16-04-17,Eastern Easter,Sunday,4,16,2017
19-04-20,Eastern Easter,Sunday,4,19,2020
19-04-09,Eastern Easter,Sunday,4,19,2009
20-04-14,Eastern Easter,Sunday,4,20,2014
23-04-06,Eastern Easter,Sunday,4,23,2006
24-04-11,Eastern Easter,Sunday,4,24,2011
27-04-08,Eastern Easter,Sunday,4,27,2008
28-04-19,Eastern Easter,Sunday,4,28,2019
02-05-21,Eastern Easter,Sunday,5,2,2021
01-05-05,Eastern Easter,Sunday,5,1,2005
01-05-16,Eastern Easter,Sunday,5,1,2016
05-05-13,Eastern Easter,Sunday,5,5,2013
19-06-20,Juneteenth,Friday,6,19,2020
19-06-21,Juneteenth,Saturday,6,19,2021
19-06-04,Juneteenth,Saturday,6,19,2004
19-06-05,Juneteenth,Sunday,6,19,2005
19-06-06,Juneteenth,Monday,6,19,2006
19-06-07,Juneteenth,Tuesday,6,19,2007
19-06-08,Juneteenth,Thursday,6,19,2008
19-06-09,Juneteenth,Friday,6,19,2009
19-06-10,Juneteenth,Saturday,6,19,2010
19-06-11,Juneteenth,Sunday,6,19,2011
19-06-12,Juneteenth,Tuesday,6,19,2012
19-06-13,Juneteenth,Wednesday,6,19,2013
19-06-14,Juneteenth,Thursday,6,19,2014
19-06-15,Juneteenth,Friday,6,19,2015
19-06-16,Juneteenth,Sunday,6,19,2016
19-06-17,Juneteenth,Monday,6,19,2017
19-06-18,Juneteenth,Tuesday,6,19,2018
19-06-19,Juneteenth,Wednesday,6,19,2019
01-09-08,Labor Day,Monday,9,1,2008
01-09-14,Labor Day,Monday,9,1,2014
02-09-13,Labor Day,Monday,9,2,2013
02-09-19,Labor Day,Monday,9,2,2019
03-09-07,Labor Day,Monday,9,3,2007
03-09-12,Labor Day,Monday,9,3,2012
03-09-18,Labor Day,Monday,9,3,2018
04-09-06,Labor Day,Monday,9,4,2006
04-09-17,Labor Day,Monday,9,4,2017
05-09-05,Labor Day,Monday,9,5,2005
05-09-11,Labor Day,Monday,9,5,2011
05-09-16,Labor Day,Monday,9,5,2016
06-09-04,Labor Day,Monday,9,6,2004
06-09-10,Labor Day,Monday,9,6,2010
06-09-21,Labor Day,Monday,9,6,2021
07-09-09,Labor Day,Monday,9,7,2009
07-09-15,Labor Day,Monday,9,7,2015
07-09-20,Labor Day,Monday,9,7,2020
30-08-08,Labor Day Weekend,Saturday,9,30,2008
30-08-14,Labor Day Weekend,Saturday,9,30,2014
31-08-08,Labor Day Weekend,Sunday,9,31,2008
31-08-14,Labor Day Weekend,Sunday,9,31,2014
31-08-13,Labor Day Weekend,Saturday,9,31,2013
31-08-19,Labor Day Weekend,Saturday,9,31,2019
01-09-13,Labor Day Weekend,Sunday,9,1,2013
01-09-19,Labor Day Weekend,Sunday,9,1,2019
01-09-07,Labor Day Weekend,Saturday,9,1,2007
01-09-12,Labor Day Weekend,Saturday,9,1,2012
01-09-18,Labor Day Weekend,Saturday,9,1,2018
02-09-07,Labor Day Weekend,Sunday,9,2,2007
02-09-12,Labor Day Weekend,Sunday,9,2,2012
02-09-18,Labor Day Weekend,Sunday,9,2,2018
02-09-06,Labor Day Weekend,Saturday,9,2,2006
02-09-17,Labor Day Weekend,Saturday,9,2,2017
03-09-06,Labor Day Weekend,Sunday,9,3,2006
03-09-17,Labor Day Weekend,Sunday,9,3,2017
03-09-05,Labor Day Weekend,Saturday,9,3,2005
03-09-11,Labor Day Weekend,Saturday,9,3,2011
03-09-16,Labor Day Weekend,Saturday,9,3,2016
04-09-05,Labor Day Weekend,Sunday,9,4,2005
04-09-11,Labor Day Weekend,Sunday,9,4,2011
04-09-16,Labor Day Weekend,Sunday,9,4,2016
04-09-04,Labor Day Weekend,Saturday,9,4,2004
04-09-10,Labor Day Weekend,Saturday,9,4,2010
04-09-21,Labor Day Weekend,Saturday,9,4,2021
05-09-04,Labor Day Weekend,Sunday,9,5,2004
05-09-10,Labor Day Weekend,Sunday,9,5,2010
05-09-21,Labor Day Weekend,Sunday,9,5,2021
05-09-09,Labor Day Weekend,Saturday,9,5,2009
05-09-15,Labor Day Weekend,Saturday,9,5,2015
05-09-20,Labor Day Weekend,Saturday,9,5,2020
06-09-09,Labor Day Weekend,Sunday,9,6,2009
06-09-15,Labor Day Weekend,Sunday,9,6,2015
06-09-20,Labor Day Weekend,Sunday,9,6,2020
15-01-07,"Martin Luther King, Jr. Day",Monday,1,15,2007
15-01-18,"Martin Luther King, Jr. Day",Monday,1,15,2018
16-01-06,"Martin Luther King, Jr. Day",Monday,1,16,2006
16-01-12,"Martin Luther King, Jr. Day",Monday,1,16,2012
16-01-17,"Martin Luther King, Jr. Day",Monday,1,16,2017
17-01-05,"Martin Luther King, Jr. Day",Monday,1,17,2005
17-01-11,"Martin Luther King, Jr. Day",Monday,1,17,2011
18-01-10,"Martin Luther King, Jr. Day",Monday,1,18,2010
18-01-16,"Martin Luther King, Jr. Day",Monday,1,18,2016
18-01-21,"Martin Luther King, Jr. Day",Monday,1,18,2021
19-01-04,"Martin Luther King, Jr. Day",Monday,1,19,2004
19-01-09,"Martin Luther King, Jr. Day",Monday,1,19,2009
19-01-15,"Martin Luther King, Jr. Day",Monday,1,19,2015
20-01-14,"Martin Luther King, Jr. Day",Monday,1,20,2014
20-01-20,"Martin Luther King, Jr. Day",Monday,1,20,2020
21-01-08,"Martin Luther King, Jr. Day",Monday,1,21,2008
21-01-13,"Martin Luther King, Jr. Day",Monday,1,21,2013
21-01-19,"Martin Luther King, Jr. Day",Monday,1,21,2019
25-05-09,Memorial Day,Monday,5,25,2009
25-05-15,Memorial Day,Monday,5,25,2015
25-05-20,Memorial Day,Monday,5,25,2020
26-05-08,Memorial Day,Monday,5,26,2008
26-05-14,Memorial Day,Monday,5,26,2014
27-05-13,Memorial Day,Monday,5,27,2013
27-05-19,Memorial Day,Monday,5,27,2019
28-05-07,Memorial Day,Monday,5,28,2007
28-05-12,Memorial Day,Monday,5,28,2012
28-05-18,Memorial Day,Monday,5,28,2018
29-05-06,Memorial Day,Monday,5,29,2006
29-05-17,Memorial Day,Monday,5,29,2017
30-05-05,Memorial Day,Monday,5,30,2005
30-05-11,Memorial Day,Monday,5,30,2011
30-05-16,Memorial Day,Monday,5,30,2016
31-05-04,Memorial Day,Monday,5,31,2004
31-05-10,Memorial Day,Monday,5,31,2010
31-05-21,Memorial Day,Monday,5,31,2021
01-01-12,New Year's Day,Sunday,1,1,2012
01-01-13,New Year's Day,Tuesday,1,1,2013
01-01-14,New Year's Day,Wednesday,1,1,2014
01-01-15,New Year's Day,Thursday,1,1,2015
01-01-16,New Year's Day,Friday,1,1,2016
01-01-17,New Year's Day,Sunday,1,1,2017
01-01-18,New Year's Day,Monday,1,1,2018
01-01-19,New Year's Day,Tuesday,1,1,2019
01-01-20,New Year's Day,Wednesday,1,1,2020
01-01-11,New Year's Day,Saturday,1,1,2011
01-01-04,New Year's Day,Thursday,1,1,2004
01-01-05,New Year's Day,Saturday,1,1,2005
01-01-06,New Year's Day,Sunday,1,1,2006
01-01-07,New Year's Day,Monday,1,1,2007
01-01-08,New Year's Day,Tuesday,1,1,2008
01-01-09,New Year's Day,Thursday,1,1,2009
01-01-10,New Year's Day,Friday,1,1,2010
01-01-21,New Year's Day,Friday,1,1,2021
31-12-04,New Year’s Eve,Friday,12,31,2004
31-12-05,New Year’s Eve,Saturday,12,31,2005
31-12-06,New Year’s Eve,Sunday,12,31,2006
31-12-07,New Year’s Eve,Monday,12,31,2007
31-12-08,New Year’s Eve,Wednesday,12,31,2008
31-12-09,New Year’s Eve,Thursday,12,31,2009
31-12-10,New Year’s Eve,Friday,12,31,2010
31-12-11,New Year’s Eve,Saturday,12,31,2011
31-12-12,New Year’s Eve,Monday,12,31,2012
31-12-13,New Year’s Eve,Tuesday,12,31,2013
31-12-14,New Year’s Eve,Wednesday,12,31,2014
31-12-15,New Year’s Eve,Thursday,12,31,2015
31-12-16,New Year’s Eve,Saturday,12,31,2016
31-12-17,New Year’s Eve,Sunday,12,31,2017
31-12-18,New Year’s Eve,Monday,12,31,2018
31-12-19,New Year’s Eve,Tuesday,12,31,2019
31-12-20,New Year’s Eve,Thursday,12,31,2020
31-12-21,New Year’s Eve,Friday,12,31,2021
22-11-07,Thanksgiving Day,Thursday,11,22,2007
22-11-12,Thanksgiving Day,Thursday,11,22,2012
22-11-18,Thanksgiving Day,Thursday,11,22,2018
23-11-06,Thanksgiving Day,Thursday,11,23,2006
23-11-17,Thanksgiving Day,Thursday,11,23,2017
24-11-05,Thanksgiving Day,Thursday,11,24,2005
24-11-11,Thanksgiving Day,Thursday,11,24,2011
24-11-16,Thanksgiving Day,Thursday,11,24,2016
25-11-04,Thanksgiving Day,Thursday,11,25,2004
25-11-10,Thanksgiving Day,Thursday,11,25,2010
25-11-21,Thanksgiving Day,Thursday,11,25,2021
26-11-09,Thanksgiving Day,Thursday,11,26,2009
26-11-15,Thanksgiving Day,Thursday,11,26,2015
26-11-20,Thanksgiving Day,Thursday,11,26,2020
27-11-08,Thanksgiving Day,Thursday,11,27,2008
27-11-14,Thanksgiving Day,Thursday,11,27,2014
28-11-13,Thanksgiving Day,Thursday,11,28,2013
28-11-19,Thanksgiving Day,Thursday,11,28,2019
21-11-07,Thanksgiving Eve,Wednesday,11,21,2007
21-11-12,Thanksgiving Eve,Wednesday,11,21,2012
21-11-18,Thanksgiving Eve,Wednesday,11,21,2018
22-11-06,Thanksgiving Eve,Wednesday,11,22,2006
22-11-17,Thanksgiving Eve,Wednesday,11,22,2017
23-11-05,Thanksgiving Eve,Wednesday,11,23,2005
23-11-11,Thanksgiving Eve,Wednesday,11,23,2011
23-11-16,Thanksgiving Eve,Wednesday,11,23,2016
24-11-04,Thanksgiving Eve,Wednesday,11,24,2004
24-11-10,Thanksgiving Eve,Wednesday,11,24,2010
24-11-21,Thanksgiving Eve,Wednesday,11,24,2021
25-11-09,Thanksgiving Eve,Wednesday,11,25,2009
25-11-15,Thanksgiving Eve,Wednesday,11,25,2015
25-11-20,Thanksgiving Eve,Wednesday,11,25,2020
26-11-08,Thanksgiving Eve,Wednesday,11,26,2008
26-11-14,Thanksgiving Eve,Wednesday,11,26,2014
27-11-13,Thanksgiving Eve,Wednesday,11,27,2013
27-11-19,Thanksgiving Eve,Wednesday,11,27,2019
14-02-04,Valentine’s Day,Saturday,2,14,2004
14-02-05,Valentine’s Day,Monday,2,14,2005
14-02-06,Valentine’s Day,Tuesday,2,14,2006
14-02-07,Valentine’s Day,Wednesday,2,14,2007
14-02-08,Valentine’s Day,Thursday,2,14,2008
14-02-09,Valentine’s Day,Saturday,2,14,2009
14-02-10,Valentine’s Day,Sunday,2,14,2010
14-02-11,Valentine’s Day,Monday,2,14,2011
14-02-12,Valentine’s Day,Tuesday,2,14,2012
14-02-13,Valentine’s Day,Thursday,2,14,2013
14-02-14,Valentine’s Day,Friday,2,14,2014
14-02-15,Valentine’s Day,Saturday,2,14,2015
14-02-16,Valentine’s Day,Sunday,2,14,2016
14-02-17,Valentine’s Day,Tuesday,2,14,2017
14-02-18,Valentine’s Day,Wednesday,2,14,2018
14-02-19,Valentine’s Day,Thursday,2,14,2019
14-02-20,Valentine’s Day,Friday,2,14,2020
14-02-21,Valentine’s Day,Sunday,2,14,2021
11-11-04,Veterans Day,Thursday,11,11,2004
11-11-05,Veterans Day,Friday,11,11,2005
11-11-06,Veterans Day,Saturday,11,11,2006
11-11-07,Veterans Day,Sunday,11,11,2007
11-11-08,Veterans Day,Tuesday,11,11,2008
11-11-09,Veterans Day,Wednesday,11,11,2009
11-11-10,Veterans Day,Thursday,11,11,2010
11-11-11,Veterans Day,Friday,11,11,2011
11-11-12,Veterans Day,Sunday,11,11,2012
11-11-13,Veterans Day,Monday,11,11,2013
11-11-14,Veterans Day,Tuesday,11,11,2014
11-11-15,Veterans Day,Wednesday,11,11,2015
11-11-16,Veterans Day,Friday,11,11,2016
11-11-17,Veterans Day,Saturday,11,11,2017
11-11-18,Veterans Day,Sunday,11,11,2018
11-11-19,Veterans Day,Monday,11,11,2019
11-11-20,Veterans Day,Wednesday,11,11,2020
11-11-21,Veterans Day,Thursday,11,11,2021
15-02-16,Washington's Birthday,Monday,2,15,2016
16-02-15,Washington's Birthday,Monday,2,16,2015
17-02-14,Washington's Birthday,Monday,2,17,2014
17-02-20,Washington's Birthday,Monday,2,17,2020
18-02-13,Washington's Birthday,Monday,2,18,2013
18-02-19,Washington's Birthday,Monday,2,18,2019
19-02-18,Washington's Birthday,Monday,2,19,2018
20-02-12,Washington's Birthday,Monday,2,20,2012
20-02-17,Washington's Birthday,Monday,2,20,2017
21-02-11,Washington's Birthday,Monday,2,21,2011
15-02-10,Washington's Birthday,Monday,2,15,2010
15-02-21,Washington's Birthday,Monday,2,15,2021
16-02-04,Washington's Birthday,Monday,2,16,2004
16-02-09,Washington's Birthday,Monday,2,16,2009
18-02-08,Washington's Birthday,Monday,2,18,2008
19-02-07,Washington's Birthday,Monday,2,19,2007
20-02-06,Washington's Birthday,Monday,2,20,2006
21-02-05,Washington's Birthday,Monday,2,21,2005
23-03-08,Western Easter,Sunday,3,23,2008
27-03-05,Western Easter,Sunday,3,27,2005
27-03-16,Western Easter,Sunday,3,27,2016
31-03-13,Western Easter,Sunday,3,31,2013
01-04-18,Western Easter,Sunday,4,1,2018
04-04-10,Western Easter,Sunday,4,4,2010
04-04-21,Western Easter,Sunday,4,4,2021
05-04-15,Western Easter,Sunday,4,5,2015
08-04-07,Western Easter,Sunday,4,8,2007
08-04-12,Western Easter,Sunday,4,8,2012
11-04-04,Western Easter,Sunday,4,11,2004
12-04-09,Western Easter,Sunday,4,12,2009
12-04-20,Western Easter,Sunday,4,12,2020
16-04-06,Western Easter,Sunday,4,16,2006
16-04-17,Western Easter,Sunday,4,16,2017
20-04-14,Western Easter,Sunday,4,20,2014
21-04-19,Western Easter,Sunday,4,21,2019
24-04-11,Western Easter,Sunday,4,24,2011
